ItemID,Name,Chassis,Tonnage,Class
1,HBK-4G,HBK,50,MEDIUM
2,HBK-4P,HBK,50,MEDIUM
3,JR7-D,JR7,35,LIGHT
4,JR7-F,JR7,35,LIGHT
5,COM-2D,COM,25,LIGHT
6,COM-3A,COM,25,LIGHT
7,CN9-A,CN9,50,MEDIUM
8,CN9-AH,CN9,50,MEDIUM
9,HBK-4H,HBK,50,MEDIUM
10,DRG-1N,DRG,60,HEAVY
11,DRG-1C,DRG,60,HEAVY
12,CPLT-C1,CPLT,65,HEAVY
13,CPLT-A1,CPLT,65,HEAVY
14,AWS-8Q,AWS,80,ASSAULT
15,AWS-8R,AWS,80,ASSAULT
16,AS7-D,AS7,100,ASSAULT
17,AS7-D-DC,AS7,100,ASSAULT
18,AS7-RS,AS7,100,ASSAULT
19,CPLT-K2,CPLT,65,HEAVY
20,JR7-K,JR7,35,LIGHT
21,HBK-4J,HBK,50,MEDIUM
22,HBK-4SP,HBK,50,MEDIUM
23,DRG-5N,DRG,60,HEAVY
24,CPLT-C4,CPLT,65,HEAVY
25,AS7-K,AS7,100,ASSAULT
26,COM-1B,COM,25,LIGHT
27,COM-1D,COM,25,LIGHT
28,CN9-AL,CN9,50,MEDIUM
29,CN9-D,CN9,50,MEDIUM
30,AWS-8T,AWS,80,ASSAULT
31,AWS-8V,AWS,80,ASSAULT
32,AWS-9M,AWS,80,ASSAULT
33,RVN-3L,RVN,35,LIGHT
34,RVN-2X,RVN,35,LIGHT
35,RVN-4X,RVN,35,LIGHT
36,CDA-3M,CDA,40,MEDIUM
37,CDA-2A,CDA,40,MEDIUM
38,CDA-2B,CDA,40,MEDIUM
39,CDA-3C,CDA,40,MEDIUM
40,CTF-3D,CTF,70,HEAVY
41,CTF-1X,CTF,70,HEAVY
42,CTF-2X,CTF,70,HEAVY
43,CTF-3L,CTF,70,HEAVY
44,CTF-4X,CTF,70,HEAVY
45,CN9-YLW,CN9,50,MEDIUM
46,STK-5M,STK,85,ASSAULT
47,STK-3F,STK,85,ASSAULT
48,STK-3H,STK,85,ASSAULT
49,STK-4N,STK,85,ASSAULT
50,STK-5S,STK,85,ASSAULT
51,SDR-5V,SDR,30,LIGHT
52,SDR-5D,SDR,30,LIGHT
53,SDR-5K,SDR,30,LIGHT
54,CTF-IM,CTF,70,HEAVY
55,DRG-FANG,DRG,60,HEAVY
56,DRG-FLAME,DRG,60,HEAVY
57,COM-TDK,COM,25,LIGHT
58,AWS-PB,AWS,80,ASSAULT
59,TBT-7M,TBT,50,MEDIUM
60,TBT-3C,TBT,50,MEDIUM
61,TBT-5J,TBT,50,MEDIUM
62,TBT-5N,TBT,50,MEDIUM
63,TBT-7K,TBT,50,MEDIUM
64,CDA-X5,CDA,40,MEDIUM
65,JM6-DD,JM6,65,HEAVY
66,JM6-A,JM6,65,HEAVY
67,JM6-S,JM6,65,HEAVY
69,HGN-HM,HGN,90,ASSAULT
70,HGN-732,HGN,90,ASSAULT
71,HGN-733,HGN,90,ASSAULT
72,HGN-733C,HGN,90,ASSAULT
73,HGN-733P,HGN,90,ASSAULT
74,DRG-5N,DRG,60,HEAVY
75,STK-M,STK,85,ASSAULT
76,JR7-F,JR7,35,LIGHT
77,BJ-1,BJ,45,MEDIUM
78,BJ-1DC,BJ,45,MEDIUM
79,BJ-1X,BJ,45,MEDIUM
80,BJ-3,BJ,45,MEDIUM
81,JM6-FB,JM6,65,HEAVY
82,QKD-4G,QKD,60,HEAVY
83,QKD-4H,QKD,60,HEAVY
84,QKD-5K,QKD,60,HEAVY
85,HBK-4P,HBK,50,MEDIUM
86,JR7-D,JR7,35,LIGHT
87,VTR-DS,VTR,80,ASSAULT
88,VTR-9K,VTR,80,ASSAULT
89,VTR-9B,VTR,80,ASSAULT
90,VTR-9S,VTR,80,ASSAULT
91,CPLT-A1,CPLT,65,HEAVY
92,AS7-RS,AS7,100,ASSAULT
93,KTO-GB,KTO,55,MEDIUM
94,KTO-20,KTO,55,MEDIUM
95,KTO-18,KTO,55,MEDIUM
96,KTO-19,KTO,55,MEDIUM
97,ON1-P,ON1,75,HEAVY
98,ON1-M,ON1,75,HEAVY
99,ON1-K,ON1,75,HEAVY
100,ON1-V,ON1,75,HEAVY
101,ON1-VA,ON1,75,HEAVY
102,CN9-A,CN9,50,MEDIUM
103,AS7-BH,AS7,100,ASSAULT
104,SDR-5K,SDR,30,LIGHT
105,LCT-1V,LCT,20,LIGHT
106,LCT-1V,LCT,20,LIGHT
107,LCT-3M,LCT,20,LIGHT
108,LCT-3S,LCT,20,LIGHT
109,SHD-2H,SHD,55,MEDIUM
110,SHD-2H,SHD,55,MEDIUM
111,SHD-2D2,SHD,55,MEDIUM
112,SHD-5M,SHD,55,MEDIUM
113,TDR-5S,TDR,65,HEAVY
114,TDR-5S,TDR,65,HEAVY
115,TDR-5SS,TDR,65,HEAVY
116,TDR-9SE,TDR,65,HEAVY
117,BLR-1G,BLR,85,ASSAULT
118,BLR-1G,BLR,85,ASSAULT
119,BLR-1D,BLR,85,ASSAULT
120,BLR-1S,BLR,85,ASSAULT
121,CPLT-J,CPLT,65,HEAVY
122,BJ-1,BJ,45,MEDIUM
123,JR7-O,JR7,35,LIGHT
124,HGN-733C,HGN,90,ASSAULT
125,GRF-1N,GRF,55,MEDIUM
126,GRF-1N,GRF,55,MEDIUM
127,GRF-1S,GRF,55,MEDIUM
128,GRF-3M,GRF,55,MEDIUM
129,WVR-6R,WVR,55,MEDIUM
130,WVR-6R,WVR,55,MEDIUM
131,WVR-6K,WVR,55,MEDIUM
132,WVR-7K,WVR,55,MEDIUM
133,HBK-GI,HBK,50,MEDIUM
134,CDA-2A,CDA,40,MEDIUM
135,HBK-GI,HBK,50,MEDIUM
136,STK-3F,STK,85,ASSAULT
137,FS9-E,FS9,35,LIGHT
138,FS9-S,FS9,35,LIGHT
139,FS9-A,FS9,35,LIGHT
140,FS9-H,FS9,35,LIGHT
141,FS9-K,FS9,35,LIGHT
142,CTF-3D,CTF,70,HEAVY
143,BNC-LM,BNC,95,ASSAULT
144,BNC-3E,BNC,95,ASSAULT
145,BNC-3M,BNC,95,ASSAULT
146,BNC-3S,BNC,95,ASSAULT
147,VTR-9S,VTR,80,ASSAULT
148,RVN-H,RVN,35,LIGHT
149,BLR-3M,BLR,85,ASSAULT
150,BLR-3S,BLR,85,ASSAULT
151,LCT-1E,LCT,20,LIGHT
152,LCT-1M,LCT,20,LIGHT
153,SHD-2D,SHD,55,MEDIUM
154,SHD-2K,SHD,55,MEDIUM
155,TDR-9S,TDR,65,HEAVY
156,ON1-K,ON1,75,HEAVY
157,TBT-LG,TBT,50,MEDIUM
158,QKD-IV4,QKD,60,HEAVY
159,BJ-A,BJ,45,MEDIUM
160,FS9-S,FS9,35,LIGHT
161,SHD-2H,SHD,55,MEDIUM
162,TBR-PRIME,TBR,75,HEAVY
163,TBR-PRIME,TBR,75,HEAVY
164,TBR-C,TBR,75,HEAVY
165,TBR-S,TBR,75,HEAVY
166,ADR-PRIME,ADR,35,LIGHT
167,ADR-PRIME,ADR,35,LIGHT
168,ADR-A,ADR,35,LIGHT
169,ADR-D,ADR,35,LIGHT
170,DWF-PRIME,DWF,100,ASSAULT
171,DWF-PRIME,DWF,100,ASSAULT
172,DWF-A,DWF,100,ASSAULT
173,DWF-B,DWF,100,ASSAULT
174,KFX-PRIME,KFX,30,LIGHT
175,KFX-PRIME,KFX,30,LIGHT
176,KFX-D,KFX,30,LIGHT
177,KFX-S,KFX,30,LIGHT
178,NVA-PRIME,NVA,50,MEDIUM
179,NVA-PRIME,NVA,50,MEDIUM
180,NVA-B,NVA,50,MEDIUM
181,NVA-S,NVA,50,MEDIUM
182,SCR-PRIME,SCR,55,MEDIUM
183,SCR-PRIME,SCR,55,MEDIUM
184,SCR-C,SCR,55,MEDIUM
185,SCR-D,SCR,55,MEDIUM
186,SMN-PRIME,SMN,70,HEAVY
187,SMN-PRIME,SMN,70,HEAVY
188,SMN-B,SMN,70,HEAVY
189,SMN-D,SMN,70,HEAVY
190,WHK-PRIME,WHK,85,ASSAULT
191,WHK-PRIME,WHK,85,ASSAULT
192,WHK-A,WHK,85,ASSAULT
193,WHK-B,WHK,85,ASSAULT
194,TBR-PRIME,TBR,75,HEAVY
195,ADR-PRIME,ADR,35,LIGHT
196,DWF-PRIME,DWF,100,ASSAULT
197,KFX-PRIME,KFX,30,LIGHT
198,NVA-PRIME,NVA,50,MEDIUM
199,SCR-PRIME,SCR,55,MEDIUM
200,SMN-PRIME,SMN,70,HEAVY
201,WHK-PRIME,WHK,85,ASSAULT
202,KTO-18,KTO,55,MEDIUM
203,SDR-A,SDR,30,LIGHT
204,BLR-1GHE,BLR,85,ASSAULT
205,VND-1SIB,VND,45,MEDIUM
206,VND-1R,VND,45,MEDIUM
207,VND-1AA,VND,45,MEDIUM
208,VND-1X,VND,45,MEDIUM
209,QKD-4G,QKD,60,HEAVY
210,GRF-1E,GRF,55,MEDIUM
211,MDD-PRIME,MDD,60,HEAVY
212,MDD-PRIME,MDD,60,HEAVY
213,MDD-A,MDD,60,HEAVY
214,MDD-B,MDD,60,HEAVY
215,TBT-7M,TBT,50,MEDIUM
216,AS7-S,AS7,100,ASSAULT
217,TDR-9SE,TDR,65,HEAVY
218,IFR-PRIME,IFR,45,MEDIUM
219,IFR-PRIME,IFR,45,MEDIUM
220,IFR-A,IFR,45,MEDIUM
221,IFR-C,IFR,45,MEDIUM
222,LCT-PB,LCT,20,LIGHT
223,SHD-GD,SHD,55,MEDIUM
224,MLX-PRIME,MLX,25,LIGHT
225,MLX-PRIME,MLX,25,LIGHT
226,MLX-B,MLX,25,LIGHT
227,MLX-C,MLX,25,LIGHT
228,RVN-3L,RVN,35,LIGHT
229,HBR-PRIME,HBR,65,HEAVY
230,HBR-PRIME,HBR,65,HEAVY
231,HBR-A,HBR,65,HEAVY
232,HBR-B,HBR,65,HEAVY
233,GAR-PRIME,GAR,80,ASSAULT
234,GAR-PRIME,GAR,80,ASSAULT
235,GAR-A,GAR,80,ASSAULT
236,GAR-D,GAR,80,ASSAULT
237,KGC-000,KGC,100,ASSAULT
238,KGC-000,KGC,100,ASSAULT
239,KGC-0000,KGC,100,ASSAULT
240,KGC-000B,KGC,100,ASSAULT
241,AS7-S,AS7,100,ASSAULT
242,CN9-AH,CN9,50,MEDIUM
243,PNT-10K,PNT,35,LIGHT
244,PNT-10K,PNT,35,LIGHT
245,PNT-8Z,PNT,35,LIGHT
246,PNT-9R,PNT,35,LIGHT
247,ENF-5D,ENF,50,MEDIUM
248,ENF-5D,ENF,50,MEDIUM
249,ENF-4R,ENF,50,MEDIUM
250,ENF-5P,ENF,50,MEDIUM
251,BNC-3M,BNC,95,ASSAULT
252,GHR-5J,GHR,70,HEAVY
253,GHR-5J,GHR,70,HEAVY
254,GHR-5H,GHR,70,HEAVY
255,GHR-5N,GHR,70,HEAVY
256,ZEU-6S,ZEU,80,ASSAULT
257,ZEU-6S,ZEU,80,ASSAULT
258,ZEU-6T,ZEU,80,ASSAULT
259,ZEU-9S,ZEU,80,ASSAULT
260,ADR-B,ADR,35,LIGHT
261,DWF-S,DWF,100,ASSAULT
262,GAR-C,GAR,80,ASSAULT
263,IFR-D,IFR,45,MEDIUM
264,KFX-C,KFX,30,LIGHT
265,MDD-C,MDD,60,HEAVY
266,MLX-A,MLX,25,LIGHT
267,NVA-A,NVA,50,MEDIUM
268,SCR-A,SCR,55,MEDIUM
269,SMN-C,SMN,70,HEAVY
270,TBR-D,TBR,75,HEAVY
271,WHK-C,WHK,85,ASSAULT
272,GRF-1S,GRF,55,MEDIUM
273,WVR-6K,WVR,55,MEDIUM
274,UM-R63,UM,30,LIGHT
275,UM-R63,UM,30,LIGHT
276,UM-R60,UM,30,LIGHT
277,UM-R60L,UM,30,LIGHT
278,JM6-A,JM6,65,HEAVY
279,EBJ-PRIME,EBJ,65,HEAVY
280,EBJ-PRIME,EBJ,65,HEAVY
281,EBJ-A,EBJ,65,HEAVY
282,EBJ-B,EBJ,65,HEAVY
283,EBJ-C,EBJ,65,HEAVY
284,EXE-PRIME,EXE,95,ASSAULT
285,EXE-PRIME,EXE,95,ASSAULT
286,EXE-A,EXE,95,ASSAULT
287,EXE-B,EXE,95,ASSAULT
288,EXE-D,EXE,95,ASSAULT
289,TDR-5S-T,TDR,65,HEAVY
290,ACH-PRIME,ACH,30,LIGHT
291,ACH-PRIME,ACH,30,LIGHT
292,ACH-A,ACH,30,LIGHT
293,ACH-B,ACH,30,LIGHT
294,ACH-C,ACH,30,LIGHT
295,SHC-PRIME,SHC,45,MEDIUM
296,SHC-PRIME,SHC,45,MEDIUM
297,SHC-A,SHC,45,MEDIUM
298,SHC-B,SHC,45,MEDIUM
299,SHC-P,SHC,45,MEDIUM
300,GRF-2N,GRF,55,MEDIUM
301,HGN-732B,HGN,90,ASSAULT
302,LCT-3V,LCT,20,LIGHT
303,DWF-W,DWF,100,ASSAULT
304,GAR-B,GAR,80,ASSAULT
305,IFR-B,IFR,45,MEDIUM
306,MLX-D,MLX,25,LIGHT
307,NVA-C,NVA,50,MEDIUM
308,SCR-B,SCR,55,MEDIUM
309,TBR-A,TBR,75,HEAVY
310,BLR-2C,BLR,85,ASSAULT
311,CTF-0XP,CTF,70,HEAVY
312,PNT-10P,PNT,35,LIGHT
313,ENF-4P,ENF,50,MEDIUM
314,GHR-5P,GHR,70,HEAVY
315,ZEU-5S,ZEU,80,ASSAULT
316,WVR-Q,WVR,55,MEDIUM
317,ENF-4R,ENF,50,MEDIUM
318,TBR-C,TBR,75,HEAVY
319,BL-6-KNT,BL-KNT,75,HEAVY
320,BL-6-KNT,BL-KNT,75,HEAVY
321,BL-6B-KNT,BL-KNT,75,HEAVY
322,BL-7-KNT,BL-KNT,75,HEAVY
323,BL-7-KNT-L,BL-KNT,75,HEAVY
324,MAL-1R,MAL,90,ASSAULT
325,MAL-1R,MAL,90,ASSAULT
326,MAL-MX90,MAL,90,ASSAULT
327,MAL-1P,MAL,90,ASSAULT
328,MAL-2P,MAL,90,ASSAULT
329,CRB-27,CRB,50,MEDIUM
330,CRB-27,CRB,50,MEDIUM
331,CRB-20,CRB,50,MEDIUM
332,CRB-27B,CRB,50,MEDIUM
333,CRB-27SL,CRB,50,MEDIUM
334,WLF-2,WLF,35,LIGHT
335,WLF-2,WLF,35,LIGHT
336,WLF-1,WLF,35,LIGHT
337,WLF-1A,WLF,35,LIGHT
338,WLF-1B,WLF,35,LIGHT
339,CDA-3F,CDA,40,MEDIUM
340,WVR-7D,WVR,55,MEDIUM
341,ZEU-9S2,ZEU,80,ASSAULT
342,NVA-D,NVA,50,MEDIUM
343,EXE-C,EXE,95,ASSAULT
344,MAD-3R,MAD,75,HEAVY
345,MAD-3R,MAD,75,HEAVY
346,MAD-5D,MAD,75,HEAVY
347,MAD-5M,MAD,75,HEAVY
348,MAD-BH2,MAD,75,HEAVY
349,KGC-000B,KGC,100,ASSAULT
350,KGC-000B,KGC,100,ASSAULT
351,ACH-PRIME,ACH,30,LIGHT
352,ACH-PRIME,ACH,30,LIGHT
353,SCR-PRIME,SCR,55,MEDIUM
354,SCR-PRIME,SCR,55,MEDIUM
355,DWF-W,DWF,100,ASSAULT
356,DWF-W,DWF,100,ASSAULT
357,RVN-3L,RVN,35,LIGHT
358,HBK-4P,HBK,50,MEDIUM
359,TDR-9SE,TDR,65,HEAVY
360,TBR-C,TBR,75,HEAVY
361,JR7-IIC,JR7-IIC,35,LIGHT
362,JR7-IIC,JR7-IIC,35,LIGHT
363,JR7-IIC-2,JR7-IIC,35,LIGHT
364,JR7-IIC-3,JR7-IIC,35,LIGHT
365,JR7-IIC-A,JR7-IIC,35,LIGHT
366,HBK-IIC,HBK-IIC,50,MEDIUM
367,HBK-IIC,HBK-IIC,50,MEDIUM
368,HBK-IIC-A,HBK-IIC,50,MEDIUM
369,HBK-IIC-B,HBK-IIC,50,MEDIUM
370,HBK-IIC-C,HBK-IIC,50,MEDIUM
371,ON1-IIC,ON1-IIC,75,HEAVY
372,ON1-IIC,ON1-IIC,75,HEAVY
373,ON1-IIC-A,ON1-IIC,75,HEAVY
374,ON1-IIC-B,ON1-IIC,75,HEAVY
375,ON1-IIC-C,ON1-IIC,75,HEAVY
376,HGN-IIC,HGN-IIC,90,ASSAULT
377,HGN-IIC,HGN-IIC,90,ASSAULT
378,HGN-IIC-A,HGN-IIC,90,ASSAULT
379,HGN-IIC-B,HGN-IIC,90,ASSAULT
380,HGN-IIC-C,HGN-IIC,90,ASSAULT
381,WHM-6R,WHM,70,HEAVY
382,WHM-6R,WHM,70,HEAVY
383,WHM-6D,WHM,70,HEAVY
384,WHM-7S,WHM,70,HEAVY
385,WHM-BW,WHM,70,HEAVY
386,RFL-3N,RFL,60,HEAVY
387,RFL-3N,RFL,60,HEAVY
388,RFL-3C,RFL,60,HEAVY
389,RFL-5D,RFL,60,HEAVY
390,RFL-LK,RFL,65,HEAVY
391,ARC-2R,ARC,70,HEAVY
392,ARC-2R,ARC,70,HEAVY
393,ARC-5S,ARC,70,HEAVY
394,ARC-5W,ARC,70,HEAVY
395,ARC-T,ARC,70,HEAVY
396,LCT-1E,LCT,20,LIGHT
397,COM-1D,COM,25,LIGHT
398,VND-1AA,VND,45,MEDIUM
399,AWS-9M,AWS,80,ASSAULT
400,BLR-2C,BLR,85,ASSAULT
401,MLX-PRIME,MLX,25,LIGHT
402,SHC-PRIME,SHC,45,MEDIUM
403,EBJ-PRIME,EBJ,65,HEAVY
404,WHK-C,WHK,85,ASSAULT
405,KDK-1,KDK,100,ASSAULT
406,KDK-1,KDK,100,ASSAULT
407,KDK-2,KDK,100,ASSAULT
408,KDK-3,KDK,100,ASSAULT
409,KDK-4,KDK,100,ASSAULT
410,KDK-5,KDK,100,ASSAULT
411,KDK-SB,KDK,100,ASSAULT
412,PXH-1,PXH,45,MEDIUM
413,PXH-1,PXH,45,MEDIUM
414,PXH-1B,PXH,45,MEDIUM
415,PXH-1K,PXH,45,MEDIUM
416,PXH-2,PXH,45,MEDIUM
417,PXH-3S,PXH,45,MEDIUM
418,PXH-R,PXH,45,MEDIUM
419,PXH-KK,PXH,45,MEDIUM
420,CPLT-BB,CPLT,65,HEAVY
421,VPR-PRIME,VPR,40,MEDIUM
422,VPR-PRIME,VPR,40,MEDIUM
423,VPR-A,VPR,40,MEDIUM
424,VPR-B,VPR,40,MEDIUM
425,VPR-C,VPR,40,MEDIUM
426,VPR-D,VPR,40,MEDIUM
427,VPR-M,VPR,40,MEDIUM
428,CDA-3F,CDA,40,MEDIUM
429,WVR-7D,WVR,55,MEDIUM
430,ZEU-9S2,ZEU,80,ASSAULT
431,NVA-D,NVA,50,MEDIUM
432,EXE-C,EXE,95,ASSAULT
433,CP-11-A,CP,90,ASSAULT
434,CP-11-A,CP,90,ASSAULT
435,CP-10-Q,CP,90,ASSAULT
436,CP-10-Z,CP,90,ASSAULT
437,CP-11-A-DC,CP,90,ASSAULT
438,CP-11-P,CP,90,ASSAULT
439,CP-S,CP,90,ASSAULT
440,CN9-A,CN9,50,MEDIUM
441,NTG-PRIME,NTG,75,HEAVY
442,NTG-PRIME,NTG,75,HEAVY
443,NTG-A,NTG,75,HEAVY
444,NTG-B,NTG,75,HEAVY
445,NTG-C,NTG,75,HEAVY
446,NTG-D,NTG,75,HEAVY
447,NTG-JK,NTG,75,HEAVY
448,PNT-10K,PNT,35,LIGHT
449,CRB-27B,CRB,50,MEDIUM
450,GHR-5H,GHR,70,HEAVY
451,ZEU-6T,ZEU,80,ASSAULT
452,JR7-IIC,JR7-IIC,35,LIGHT
453,HBK-IIC,HBK-IIC,50,MEDIUM
454,ON1-IIC-A,ON1-IIC,75,HEAVY
455,HGN-IIC-C,HGN-IIC,90,ASSAULT
456,HMN-PRIME,HMN,50,MEDIUM
457,HMN-PRIME,HMN,50,MEDIUM
458,HMN-A,HMN,50,MEDIUM
459,HMN-B,HMN,50,MEDIUM
460,HMN-C,HMN,50,MEDIUM
461,HMN-P,HMN,50,MEDIUM
462,HMN-PA,HMN,50,MEDIUM
463,BJ-2,BJ,45,MEDIUM
464,CTF-3L,CTF,70,HEAVY
465,STK-3FB,STK,85,ASSAULT
466,HBR-F,HBR,65,HEAVY
467,SMN-F,SMN,70,HEAVY
468,SMN-M,SMN,70,HEAVY
469,LBK-PRIME,LBK,65,HEAVY
470,LBK-PRIME,LBK,65,HEAVY
471,LBK-A,LBK,65,HEAVY
472,LBK-B,LBK,65,HEAVY
473,LBK-C,LBK,65,HEAVY
474,LBK-D,LBK,65,HEAVY
475,LBK-RL,LBK,65,HEAVY
476,KFX-PR,KFX,30,LIGHT
477,ADR-CN,ADR,35,LIGHT
478,NVA-BK,NVA,50,MEDIUM
479,SCR-LC,SCR,55,MEDIUM
480,SMN-PD,SMN,70,HEAVY
481,TBR-WAR,TBR,75,HEAVY
482,WHK-NQ,WHK,85,ASSAULT
483,DWF-UV,DWF,100,ASSAULT
484,PNT-10K,PNT,35,LIGHT
485,MLX-PRIME,MLX,25,LIGHT
486,CRB-27B,CRB,50,MEDIUM
487,SHC-PRIME,SHC,45,MEDIUM
488,GHR-5H,GHR,70,HEAVY
489,EBJ-PRIME,EBJ,65,HEAVY
490,ZEU-6T,ZEU,80,ASSAULT
491,WHK-C,WHK,85,ASSAULT
492,MAD-IIC,MAD-IIC,85,ASSAULT
493,MAD-IIC,MAD-IIC,85,ASSAULT
494,MAD-IIC-8,MAD-IIC,85,ASSAULT
495,MAD-IIC-A,MAD-IIC,85,ASSAULT
496,MAD-IIC-B,MAD-IIC,85,ASSAULT
497,MAD-IIC-C,MAD-IIC,85,ASSAULT
498,MAD-IIC-D,MAD-IIC,85,ASSAULT
499,MAD-IIC-SC,MAD-IIC,85,ASSAULT
500,BSW-X1,BSW,55,MEDIUM
501,BSW-X1,BSW,55,MEDIUM
502,BSW-X2,BSW,55,MEDIUM
503,BSW-S2,BSW,55,MEDIUM
504,BSW-P1,BSW,55,MEDIUM
505,BSW-P2,BSW,55,MEDIUM
506,BSW-HR,BSW,55,MEDIUM
507,SNV-1,SNV,90,ASSAULT
508,SNV-1,SNV,90,ASSAULT
509,SNV-3,SNV,90,ASSAULT
510,SNV-A,SNV,90,ASSAULT
511,SNV-B,SNV,90,ASSAULT
512,SNV-C,SNV,90,ASSAULT
513,SNV-BR,SNV,90,ASSAULT
514,BJ-2,BJ,45,MEDIUM
515,STK-3FB,STK,85,ASSAULT
516,HBR-F,HBR,65,HEAVY
517,SMN-F,SMN,70,HEAVY
518,SMN-M,SMN,70,HEAVY
519,ASN-21,ASN,40,MEDIUM
520,ASN-21,ASN,40,MEDIUM
521,ASN-23,ASN,40,MEDIUM
522,ASN-101,ASN,40,MEDIUM
523,ASN-26,ASN,40,MEDIUM
524,ASN-27,ASN,40,MEDIUM
525,ASN-DD,ASN,40,MEDIUM
526,WLF-1,WLF,35,LIGHT
527,PXH-2,PXH,45,MEDIUM
528,WHM-6D,WHM,70,HEAVY
529,MAL-MX90,MAL,90,ASSAULT
530,ADR-PRIME,ADR,35,LIGHT
531,NVA-S,NVA,50,MEDIUM
532,HBR-F,HBR,65,HEAVY
533,KDK-3,KDK,100,ASSAULT
534,RGH-1A,RGH,65,HEAVY
535,RGH-1A,RGH,65,HEAVY
536,RGH-1B,RGH,65,HEAVY
537,RGH-1C,RGH,65,HEAVY
538,RGH-2A,RGH,65,HEAVY
539,RGH-3A,RGH,65,HEAVY
540,RGH-R,RGH,65,HEAVY
541,JVN-10N,JVN,30,LIGHT
542,JVN-10N,JVN,30,LIGHT
543,JVN-10F,JVN,30,LIGHT
544,JVN-10P,JVN,30,LIGHT
545,JVN-11A,JVN,30,LIGHT
546,JVN-11B,JVN,30,LIGHT
547,JVN-HT,JVN,30,LIGHT
548,UM-K9,UM,30,LIGHT
549,WLF-GR,WLF,35,LIGHT
550,PNT-KK,PNT,35,LIGHT
551,CRB-FL,CRB,50,MEDIUM
552,ENF-GH,ENF,50,MEDIUM
553,GHR-MJ,GHR,70,HEAVY
554,BL-P-KNT,BL-KNT,75,HEAVY
555,ZEU-SK,ZEU,80,ASSAULT
556,MAL-KO,MAL,90,ASSAULT
557,KGC-KJ,KGC,100,ASSAULT
558,UZL-3S,UZL,50,MEDIUM
559,UZL-3S,UZL,50,MEDIUM
560,UZL-2S,UZL,50,MEDIUM
561,UZL-3P,UZL,50,MEDIUM
562,UZL-5P,UZL,50,MEDIUM
563,UZL-6P,UZL,50,MEDIUM
564,UZL-BE,UZL,50,MEDIUM
565,ANH-2A,ANH,100,ASSAULT
566,ANH-2A,ANH,100,ASSAULT
567,ANH-1A,ANH,100,ASSAULT
568,ANH-1E,ANH,100,ASSAULT
569,ANH-1X,ANH,100,ASSAULT
570,ANH-1P,ANH,100,ASSAULT
571,ANH-MB,ANH,100,ASSAULT
572,COU-PRIME,COU,35,LIGHT
573,COU-PRIME,COU,35,LIGHT
574,COU-C,COU,35,LIGHT
575,COU-D,COU,35,LIGHT
576,COU-E,COU,35,LIGHT
577,COU-H,COU,35,LIGHT
578,COU-BA,COU,35,LIGHT
579,MCII-1,MCII,90,ASSAULT
580,MCII-1,MCII,90,ASSAULT
581,MCII-2,MCII,90,ASSAULT
582,MCII-4,MCII,90,ASSAULT
583,MCII-A,MCII,90,ASSAULT
584,MCII-B,MCII,90,ASSAULT
585,MCII-DS,MCII,90,ASSAULT
586,MLX-ED,MLX,25,LIGHT
587,ACH-SH,ACH,30,LIGHT
588,IFR-RC,IFR,45,MEDIUM
589,SHC-MI,SHC,45,MEDIUM
590,MDD-BA,MDD,60,HEAVY
591,EBJ-EC,EBJ,65,HEAVY
592,HBR-VI,HBR,65,HEAVY
593,GAR-KW,GAR,80,ASSAULT
594,EXE-CH,EXE,95,ASSAULT
595,MLX-G,MLX,25,LIGHT
596,ACH-E,ACH,30,LIGHT
597,IFR-P,IFR,45,MEDIUM
598,SHC-H,SHC,45,MEDIUM
599,MDD-H,MDD,60,HEAVY
600,EBJ-D,EBJ,65,HEAVY
601,HBR-P,HBR,65,HEAVY
602,GAR-E,GAR,80,ASSAULT
603,EXE-E,EXE,95,ASSAULT
604,JR7-IIC-FY,JR7-IIC,35,LIGHT
605,HBK-IIC-DW,HBK-IIC,50,MEDIUM
606,ON1-IIC-SK,ON1-IIC,75,HEAVY
607,HGN-IIC-KP,HGN-IIC,90,ASSAULT
608,OSR-3D,OSR,30,LIGHT
609,OSR-3D,OSR,30,LIGHT
610,OSR-4D,OSR,30,LIGHT
611,OSR-1V,OSR,30,LIGHT
612,OSR-2V,OSR,30,LIGHT
613,OSR-1P,OSR,30,LIGHT
614,OSR-SE,OSR,30,LIGHT
615,NSR-9J,NSR,95,ASSAULT
616,NSR-9J,NSR,95,ASSAULT
617,NSR-9FC,NSR,95,ASSAULT
618,NSR-9S,NSR,95,ASSAULT
619,NSR-9P,NSR,95,ASSAULT
620,NSR-10P,NSR,95,ASSAULT
621,NSR-WP,NSR,95,ASSAULT
622,ACW-PRIME,ACW,40,MEDIUM
623,ACW-PRIME,ACW,40,MEDIUM
624,ACW-A,ACW,40,MEDIUM
625,ACW-P,ACW,40,MEDIUM
626,ACW-1,ACW,40,MEDIUM
627,ACW-2,ACW,40,MEDIUM
628,ACW-BK,ACW,40,MEDIUM
629,NCT-PRIME,NCT,70,HEAVY
630,NCT-PRIME,NCT,70,HEAVY
631,NCT-A,NCT,70,HEAVY
632,NCT-B,NCT,70,HEAVY
633,NCT-C,NCT,70,HEAVY
634,NCT-D,NCT,70,HEAVY
635,NCT-CC,NCT,70,HEAVY
636,TNS-4S,TNS,75,HEAVY
637,TNS-4S,TNS,75,HEAVY
638,TNS-4P,TNS,75,HEAVY
639,TNS-5P,TNS,75,HEAVY
640,TNS-5S,TNS,75,HEAVY
641,TNS-5T,TNS,75,HEAVY
642,TNS-HA,TNS,75,HEAVY
643,UM-R68,UM,30,LIGHT
644,GRF-5M,GRF,55,MEDIUM
645,VTR-9A1,VTR,80,ASSAULT
646,KFX-G,KFX,30,LIGHT
647,LBK-H,LBK,65,HEAVY
648,HSN-7D,HSN,45,MEDIUM
649,HSN-7D,HSN,45,MEDIUM
650,HSN-8E,HSN,45,MEDIUM
651,HSN-9F,HSN,45,MEDIUM
652,HSN-7P,HSN,45,MEDIUM
653,HSN-8P,HSN,45,MEDIUM
654,HSN-7D2,HSN,45,MEDIUM
655,PIR-1,PIR,20,LIGHT
656,PIR-1,PIR,20,LIGHT
657,PIR-2,PIR,20,LIGHT
658,PIR-3,PIR,20,LIGHT
659,PIR-A,PIR,20,LIGHT
660,PIR-B,PIR,20,LIGHT
661,PIR-CI,PIR,20,LIGHT
662,BKL-PRIME,BKL,55,MEDIUM
663,BKL-PRIME,BKL,55,MEDIUM
664,BKL-A,BKL,55,MEDIUM
665,BKL-C,BKL,55,MEDIUM
666,BKL-D,BKL,55,MEDIUM
667,BKL-E,BKL,55,MEDIUM
668,BKL-BL,BKL,55,MEDIUM
669,UM-R68,UM,30,LIGHT
670,GRF-5M,GRF,55,MEDIUM
671,VTR-9A1,VTR,80,ASSAULT
672,KFX-G,KFX,30,LIGHT
673,LBK-H,LBK,65,HEAVY
674,SNS-PRIME,SNS,70,HEAVY
675,SNS-PRIME,SNS,70,HEAVY
676,SNS-A,SNS,70,HEAVY
677,SNS-B,SNS,70,HEAVY
678,SNS-C,SNS,70,HEAVY
679,SNS-D,SNS,70,HEAVY
680,SNS-ML,SNS,70,HEAVY
681,SNS-VG,SNS,70,HEAVY
682,RGH-PH,RGH,65,HEAVY
683,FNR-5,FNR,100,ASSAULT
684,FNR-5,FNR,100,ASSAULT
685,FNR-5B,FNR,100,ASSAULT
686,FNR-6U,FNR,100,ASSAULT
687,FNR-5E,FNR,100,ASSAULT
688,FNR-6R,FNR,100,ASSAULT
689,FNR-WR,FNR,100,ASSAULT
690,UM-SC,UM,30,LIGHT
691,FS9-FS,FS9,35,LIGHT
692,GRF-AR,GRF,55,MEDIUM
693,RFL-DB,RFL,60,HEAVY
694,BNC-SR,BNC,95,ASSAULT
695,AS7-KR,AS7,100,ASSAULT
696,MDD-RV,MDD,60,HEAVY
697,NSR-9P,NSR,95,ASSAULT
698,RGH-1A,RGH,65,HEAVY
699,BSW-S2,BSW,55,MEDIUM
700,ASN-101,ASN,40,MEDIUM
701,OSR-1V,OSR,30,LIGHT
702,UZL-3P,UZL,50,MEDIUM
703,MDD-C,MDD,60,HEAVY
704,BAS-PRIME,BAS,90,ASSAULT
705,BAS-PRIME,BAS,90,ASSAULT
706,BAS-A,BAS,90,ASSAULT
707,BAS-B,BAS,90,ASSAULT
708,BAS-C,BAS,90,ASSAULT
709,BAS-D,BAS,90,ASSAULT
710,BAS-RA,BAS,90,ASSAULT
711,FLE-17,FLE,20,LIGHT
712,FLE-17,FLE,20,LIGHT
713,FLE-15,FLE,20,LIGHT
714,FLE-19,FLE,20,LIGHT
715,FLE-20,FLE,20,LIGHT
716,FLE-FA,FLE,20,LIGHT
717,FLE-R5K,FLE,20,LIGHT
718,HLF-1,HLF,60,HEAVY
719,HLF-1,HLF,60,HEAVY
720,HLF-2,HLF,60,HEAVY
721,HLF-A,HLF,60,HEAVY
722,HLF-B,HLF,60,HEAVY
723,HLF-C,HLF,60,HEAVY
724,HLF-VO,HLF,60,HEAVY
725,VL-2T,VL,40,MEDIUM
726,VL-2T,VL,40,MEDIUM
727,VL-5T,VL,40,MEDIUM
728,VT-5M,VL,40,MEDIUM
729,VT-5S,VL,40,MEDIUM
730,VT-6M,VL,40,MEDIUM
731,VL-BL,VL,40,MEDIUM
732,INC-1,INC,30,LIGHT
733,INC-1,INC,30,LIGHT
734,INC-2,INC,30,LIGHT
735,INC-3,INC,30,LIGHT
736,INC-4,INC,30,LIGHT
737,INC-5,INC,30,LIGHT
738,INC-SA,INC,30,LIGHT
739,CHP-1N,CHP,60,HEAVY
740,CHP-1N,CHP,60,HEAVY
741,CHP-2N,CHP,60,HEAVY
742,CHP-3N,CHP,60,HEAVY
743,CHP-1N2,CHP,60,HEAVY
744,CHP-1NB,CHP,60,HEAVY
745,CHP-INV,CHP,60,HEAVY
746,VGL-1,VGL,55,MEDIUM
747,VGL-1,VGL,55,MEDIUM
748,VGL-2,VGL,55,MEDIUM
749,VGL-3,VGL,55,MEDIUM
750,VGL-4,VGL,55,MEDIUM
751,VGL-A,VGL,55,MEDIUM
752,VGL-RI,VGL,55,MEDIUM
753,JVN-11F,JVN,30,LIGHT
754,RFL-8D,RFL,60,HEAVY
755,WHM-4L,WHM,70,HEAVY
756,NTG-H,NTG,75,HEAVY
757,MAD-IIC,MAD-IIC,85,ASSAULT
758,CGR-1A1,CGR,80,ASSAULT
759,CGR-1A1,CGR,80,ASSAULT
760,CGR-1A5,CGR,80,ASSAULT
761,CGR-3K,CGR,80,ASSAULT
762,CGR-N7,CGR,80,ASSAULT
763,HTM-27T,HTM,80,ASSAULT
764,HTM-27T,HTM,80,ASSAULT
765,HTM-27W,HTM,80,ASSAULT
766,HTM-28TR,HTM,80,ASSAULT
767,HTM-SG,HTM,80,ASSAULT
768,WHM-IIC,WHM-IIC,80,ASSAULT
769,WHM-IIC,WHM-IIC,80,ASSAULT
770,WHM-IIC-2,WHM-IIC,80,ASSAULT
771,WHM-IIC-3,WHM-IIC,80,ASSAULT
772,WHM-IIC-4,WHM-IIC,80,ASSAULT
773,WHM-IIC-10,WHM-IIC,80,ASSAULT
774,WHM-IIC-ML,WHM-IIC,80,ASSAULT
775,WHM-IIC-BL,WHM-IIC,80,ASSAULT
776,JVN-11F,JVN,30,LIGHT
777,RFL-8D,RFL,60,HEAVY
778,WHM-4L,WHM,70,HEAVY
779,NTG-H,NTG,75,HEAVY
780,MAD-IIC,MAD-IIC,85,ASSAULT
781,WHM-IIC-A,WHM-IIC,80,ASSAULT
782,COR-5R,COR,95,ASSAULT
783,COR-5R,COR,95,ASSAULT
784,COR-6R,COR,95,ASSAULT
785,COR-7A,COR,95,ASSAULT
786,COR-5T,COR,95,ASSAULT
787,COR-7R,COR,95,ASSAULT
788,COR-RA,COR,95,ASSAULT
789,COR-BR,COR,95,ASSAULT
790,MAD-4A,MAD2,100,ASSAULT
791,MAD-4A,MAD2,100,ASSAULT
792,MAD-4HP,MAD2,100,ASSAULT
793,MAD-5A,MAD2,100,ASSAULT
794,MAD-4L,MAD2,100,ASSAULT
795,MAD-6S,MAD2,100,ASSAULT
796,MAD-AL,MAD2,100,ASSAULT
797,RFL-IIC,RFL-IIC,65,HEAVY
798,RFL-IIC,RFL-IIC,65,HEAVY
799,RFL-IIC-2,RFL-IIC,65,HEAVY
800,RFL-IIC-3,RFL-IIC,65,HEAVY
801,RFL-IIC-4,RFL-IIC,65,HEAVY
802,RFL-IIC-A,RFL-IIC,65,HEAVY
803,RFL-IIC-CH,RFL-IIC,65,HEAVY
804,CPLT-C2,CPLT,65,HEAVY
805,WHM-9D,WHM,70,HEAVY
806,MAD-9M,MAD,75,HEAVY
807,KGC-001,KGC,100,ASSAULT
808,DV-6M,DV,55,MEDIUM
809,DV-6M,DV,55,MEDIUM
810,DV-7D,DV,55,MEDIUM
811,DV-8D,DV,55,MEDIUM
812,DV-6MR,DV,55,MEDIUM
813,DV-7P,DV,55,MEDIUM
814,DV-FR,DV,55,MEDIUM
815,CPLT-C2,CPLT,65,HEAVY
816,WHM-9D,WHM,70,HEAVY
817,MAD-9M,MAD,75,HEAVY
818,KGC-001,KGC,100,ASSAULT
819,LCT-1V,LCT,20,LIGHT
820,SHD-2H,SHD,55,MEDIUM
821,TDR-5SS,TDR,65,HEAVY
822,BLR-1G,BLR,85,ASSAULT
823,GRF-1N,GRF,55,MEDIUM
824,WVR-6R,WVR,55,MEDIUM
825,UM-R60L,UM,30,LIGHT
826,PXH-1K,PXH,45,MEDIUM
827,TDR-10SE,TDR,65,HEAVY
828,DRG-1G,DRG,60,HEAVY
829,TDR-10SE,TDR,65,HEAVY
830,DRG-1G,DRG,60,HEAVY
831,TBR-BH,TBR,75,HEAVY
832,DWF-C,DWF,100,ASSAULT
833,TBR-BH,TBR,75,HEAVY
834,DWF-C,DWF,100,ASSAULT
835,PXH-7S,PXH,45,MEDIUM
836,PXH-7S,PXH,45,MEDIUM
837,STK-7D,STK,85,ASSAULT
838,STK-7D,STK,85,ASSAULT
839,UM-R80,UM,30,LIGHT
840,UM-R80,UM,30,LIGHT
841,VPR-F,VPR,40,MEDIUM
842,VPR-F,VPR,40,MEDIUM
843,AS7-K3,AS7,100,ASSAULT
844,AS7-K3,AS7,100,ASSAULT
845,NTG-D,NTG,75,HEAVY
846,RGH-BLT,RGH,65,HEAVY
847,SNS-AMB,SNS,70,HEAVY
848,MAL-2P,MAL,90,ASSAULT
849,MAD-IIC-A,MAD-IIC,85,ASSAULT
850,BAS-E,BAS,90,ASSAULT
851,BAS-E,BAS,90,ASSAULT
852,SHC-D,SHC,45,MEDIUM
853,SHC-D,SHC,45,MEDIUM
854,INC-5,INC,30,LIGHT
855,KFX-D,KFX,30,LIGHT
856,FLE-17,FLE,20,LIGHT
857,JVN-11A,JVN,30,LIGHT
858,HMN-PRIME,HMN,50,MEDIUM
859,VGL-2,VGL,55,MEDIUM
860,DV-7D,DV,55,MEDIUM
861,VL-5T,VL,40,MEDIUM
862,LBK-H,LBK,65,HEAVY
863,SMN-D,SMN,70,HEAVY
864,ARC-2R,ARC,70,HEAVY
865,MAD-9M,MAD,75,HEAVY
866,BAS-A,BAS,90,ASSAULT
867,MAD-IIC,MAD-IIC,85,ASSAULT
868,ANH-1A,ANH,100,ASSAULT
869,CP-10-Q,CP,90,ASSAULT
870,AS7-D-DC,AS7,100,ASSAULT
871,CPLT-K2,CPLT,65,HEAVY
872,HBK-4P,HBK,50,MEDIUM
873,JR7-F,JR7,35,LIGHT
874,JR7-IIC-A,JR7-IIC,35,LIGHT
875,HBK-IIC-B,HBK-IIC,50,MEDIUM
876,ON1-IIC-A,ON1-IIC,75,HEAVY
877,HGN-IIC-B,HGN-IIC,90,ASSAULT
878,KFX-P,KFX,30,LIGHT
879,KFX-P,KFX,30,LIGHT
880,SMN-G,SMN,70,HEAVY
881,SMN-G,SMN,70,HEAVY
882,UZL-6P,UZL,50,MEDIUM
883,CTF-4X,CTF,70,HEAVY
884,QKD-5K,QKD,60,HEAVY
885,WLF-1A,WLF,35,LIGHT
886,CRB-27SL,CRB,50,MEDIUM
887,BL-6B-KNT,BL-KNT,75,HEAVY
888,MAL-MX90,MAL,90,ASSAULT
889,COU-H,COU,35,LIGHT
890,ACW-A,ACW,40,MEDIUM
891,NCT-B,NCT,70,HEAVY
892,MCII-B,MCII,90,ASSAULT
893,CRD-3R,CRD,65,HEAVY
894,CRD-3R,CRD,65,HEAVY
895,CRD-5K,CRD,65,HEAVY
896,CRD-5M,CRD,65,HEAVY
897,CRD-6T,CRD,65,HEAVY
898,CRD-7L,CRD,65,HEAVY
899,CRD-CR,CRD,65,HEAVY
900,SDR-5D,SDR,30,LIGHT
901,CDA-3M,CDA,40,MEDIUM
902,JM6-DD,JM6,65,HEAVY
903,KGC-000,KGC,100,ASSAULT
904,INC-4,INC,30,LIGHT
905,VGL-3,VGL,55,MEDIUM
906,HLF-A,HLF,60,HEAVY
907,KDK-3,KDK,100,ASSAULT
908,PNT-9R,PNT,35,LIGHT
909,BSW-X2,BSW,55,MEDIUM
910,GHR-5P,GHR,70,HEAVY
911,ANH-1X,ANH,100,ASSAULT
912,MLX-G,MLX,25,LIGHT
913,SCR-B,SCR,55,MEDIUM
914,HBR-B,HBR,65,HEAVY
915,GAR-E,GAR,80,ASSAULT
916,COM-1B,COM,25,LIGHT
917,CN9-D,CN9,50,MEDIUM
918,ON1-K,ON1,75,HEAVY
919,MAD-6S,MAD2,100,ASSAULT
920,ADR-A,ADR,35,LIGHT
921,SHC-B,SHC,45,MEDIUM
922,TBR-S,TBR,75,HEAVY
923,SNV-B,SNV,90,ASSAULT
924,WHM-7S,WHM,70,HEAVY
925,MAD-5M,MAD,75,HEAVY
926,RFL-5D,RFL,60,HEAVY
927,ARC-5W,ARC,70,HEAVY
928,WHM-IIC-A,WHM-IIC,80,ASSAULT
929,MAD-IIC-D,MAD-IIC,85,ASSAULT
930,RFL-IIC-2,RFL-IIC,65,HEAVY
931,MDD-C,MDD,60,HEAVY
932,RVN-2X,RVN,35,LIGHT
933,BJ-3,BJ,45,MEDIUM
934,TNS-5S,TNS,75,HEAVY
935,FNR-5B,FNR,100,ASSAULT
936,PIR-2,PIR,20,LIGHT
937,IFR-P,IFR,45,MEDIUM
938,EBJ-A,EBJ,65,HEAVY
939,BAS-B,BAS,90,ASSAULT
940,TBT-7K,TBT,50,MEDIUM
941,ASN-27,ASN,40,MEDIUM
942,HSN-8P,HSN,45,MEDIUM
943,STK-5M,STK,85,ASSAULT
944,ACH-E,ACH,30,LIGHT
945,BKL-D,BKL,55,MEDIUM
946,NTG-C,NTG,75,HEAVY
947,WHK-B,WHK,85,ASSAULT
948,UM-R60,UM,30,LIGHT
949,ENF-4P,ENF,50,MEDIUM
950,DRG-1C,DRG,60,HEAVY
951,CP-11-P,CP,90,ASSAULT
952,PXH-1B,PXH,45,MEDIUM
953,CRD-6T,CRD,65,HEAVY
954,RGH-3A,RGH,65,HEAVY
955,COR-7A,COR,95,ASSAULT
956,KFX-D,KFX,30,LIGHT
957,VPR-B,VPR,40,MEDIUM
958,LBK-D,LBK,65,HEAVY
959,EXE-A,EXE,95,ASSAULT
960,HMN-P,HMN,50,MEDIUM
961,SNS-D,SNS,70,HEAVY
962,HCT-3F,HCT,45,MEDIUM
963,HCT-5S,HCT,45,MEDIUM
964,HCT-6D,HCT,45,MEDIUM
965,HCT-5K,HCT,45,MEDIUM
966,HCT-7R,HCT,45,MEDIUM
967,HCT-TM,HCT,45,MEDIUM
968,LCT-3S,LCT,20,LIGHT
969,SHD-2K,SHD,55,MEDIUM
970,TDR-9S,TDR,65,HEAVY
971,BLR-3M,BLR,85,ASSAULT
972,WVR-7K,WVR,55,MEDIUM
973,GRF-2N,GRF,55,MEDIUM
974,NVA-A,NVA,50,MEDIUM
975,SMN-B,SMN,70,HEAVY
976,DWF-A,DWF,100,ASSAULT
977,STK-5S,STK,85,ASSAULT
978,ON1-IIC-CS,ON1-IIC,75,HEAVY
979,BNC-3E,BNC,95,ASSAULT
980,FNR-J,FNR,100,ASSAULT
981,FS9-A,FS9,35,LIGHT
982,JVN-10P,JVN,30,LIGHT
983,VT-5S,VL,40,MEDIUM
984,DV-6MR,DV,55,MEDIUM
985,KTO-19,KTO,55,MEDIUM
986,CHP-3N,CHP,60,HEAVY
987,AWS-8Q,AWS,80,ASSAULT
988,HGN-732B,HGN,90,ASSAULT
989,VTR-9B,VTR,80,ASSAULT
990,AS7-D-DC,AS7,100,ASSAULT
991,BNC-3S,BNC,95,ASSAULT
992,HCT-7R,HCT,45,MEDIUM
993,OSR-4D,OSR,30,LIGHT
994,FLE-20,FLE,20,LIGHT
995,VND-1X,VND,45,MEDIUM
996,JR7-D,JR7,35,LIGHT
997,CPLT-C1,CPLT,65,HEAVY
998,HBK-4G,HBK,50,MEDIUM
999,AS7-D,AS7,100,ASSAULT
3601,ZEU-9S,ZEU,80,ASSAULT
3602,NSR-10P,NSR,95,ASSAULT
3603,CGR-3K,CGR,80,ASSAULT
3604,HTM-27W,HTM,80,ASSAULT
3605,MCII-MWK,MCII,90,ASSAULT
3606,MAD-IIC-DN,MAD-IIC,85,ASSAULT
3607,SHD-S,SHD,55,MEDIUM
3608,CP-AR,CP,90,ASSAULT
3609,SNV-SR,SNV,90,ASSAULT
3610,QKD-D,QKD,60,HEAVY
3611,TBR-H,TBR,75,HEAVY
3612,ANH-GZ,ANH-C,100,ASSAULT
3613,ANH-SC,ANH,100,ASSAULT
3614,SR-1,SR,100,ASSAULT
3615,SR-2,SR,100,ASSAULT
3616,SR-3,SR,100,ASSAULT
3617,SR-4,SR,100,ASSAULT
3618,SR-6,SR,100,ASSAULT
3619,SR-7,SR,100,ASSAULT
3620,SR-K,SR,100,ASSAULT
3621,SR-6,SR,100,ASSAULT
3622,VPR-D,VPR,40,MEDIUM
3623,TBR-S,TBR,75,HEAVY
3624,EXE-M,EXE,95,ASSAULT
3625,STK-WU,STK,85,ASSAULT
3626,AS7-W,AS7,100,ASSAULT
3627,UM-IIC,UM-IIC,30,LIGHT
3628,UM-IIC-2,UM-IIC,30,LIGHT
3629,FS9-A,FS9,35,LIGHT
3630,JVN-10P,JVN,30,LIGHT
3631,INC-1,INC,30,LIGHT
3632,MLX-G,MLX,25,LIGHT
3633,BSW-P2,BSW,55,MEDIUM
3634,WVR-7D,WVR,55,MEDIUM
3635,HMN-B,HMN,50,MEDIUM
3636,HBK-IIC-A,HBK-IIC,50,MEDIUM
3637,WHM-7S,WHM,70,HEAVY
3638,TDR-9S,TDR,65,HEAVY
3639,RFL-IIC-2,RFL-IIC,65,HEAVY
3640,NTG-H,NTG,75,HEAVY
3641,STK-4N,STK,85,ASSAULT
3642,FNR-5,FNR,100,ASSAULT
3643,MCII-2,MCII,90,ASSAULT
3644,DWF-B,DWF,100,ASSAULT
3645,FNR-J,FNR,100,ASSAULT
3646,MCII-MWK,MCII,90,ASSAULT
3647,LGB-10C,LGB,85,ASSAULT
3648,LGB-12R,LGB,85,ASSAULT
3649,LGB-10K,LGB,85,ASSAULT
3650,LGB-12C,LGB,85,ASSAULT
3651,LGB-12R,LGB,85,ASSAULT
3652,LGB-7V,LGB,85,ASSAULT
3653,LGB-13NAIS,LGB,85,ASSAULT
3654,LGB-OC,LGB,85,ASSAULT
3655,VGL-GW,VGL,55,MEDIUM
3656,MAD-B,MAD,75,HEAVY
3657,SHD-S,SHD,55,MEDIUM
3658,MAD-IIC-DN,MAD-IIC,85,ASSAULT
3659,ADR-W,ADR,35,LIGHT
3660,IFR-J,IFR,45,MEDIUM
3661,UM-R,UM,30,LIGHT
3662,JR7-A,JR7,35,LIGHT
3663,JM6-DE,JM6,65,HEAVY
3664,WLF-C,WLF-C,35,LIGHT
3665,CN9-ON,CN9,50,MEDIUM
3666,SR-1,SR,100,ASSAULT
3667,PIR-D,PIR,20,LIGHT
3668,CP-AR,CP,90,ASSAULT
3669,SNV-SR,SNV,90,ASSAULT
3670,SR-AK,SR,100,ASSAULT
3671,COM-D03,COM,25,LIGHT
3672,LGB-OH,LGB,85,ASSAULT
3673,WHM-6R,WHM,70,HEAVY
3674,QKD-D,QKD,60,HEAVY
3675,TBR-H,TBR,75,HEAVY
3676,VTR-9B,VTR,80,ASSAULT
3677,EXE-B,EXE,95,ASSAULT
3678,ANH-GZ,ANH-C,100,ASSAULT
3679,ANH-SC,ANH,100,ASSAULT
3680,EXE-M,EXE,95,ASSAULT
3681,BL-X-KNT-2,BL-KNT,75,HEAVY
3682,WHK-K,WHK,85,ASSAULT
3683,VPR-SCS,VPR,40,MEDIUM
3684,STK-WU,STK,85,ASSAULT
